Event_URL,Event Date
https://sherdog.com/events/UFC-316-Dvalishvili-vs-OMalley-2-107105,2024-11-23T00:00:00+00:00
https://sherdog.com/events/UFC-on-ESPN-68-Blanchfield-vs-Barber-106885,2025-01-11T00:00:00+00:00
https://sherdog.com/events/UFC-Road-to-UFC-Season-4-Shanghai-Quarterfinals-4-107462,2024-12-07T00:00:00+00:00
https://sherdog.com/events/UFC-Road-to-UFC-Season-4-Shanghai-Quarterfinals-3-107461,2024-08-10T00:00:00+00:00
https://sherdog.com/events/UFC-Road-to-UFC-Season-4-Shanghai-Quarterfinals-2-107456,2024-08-03T00:00:00+00:00
https://sherdog.com/events/UFC-Road-to-UFC-Season-4-Shanghai-Quarterfinals-1-107457,2024-07-27T00:00:00+00:00
https://sherdog.com/events/UFC-Fight-Night-256-Burns-vs-Morales-107121,2024-07-20T00:00:00+00:00
https://sherdog.com/events/UFC-315-Muhammad-vs-Della-Maddalena-106942,2024-07-13T00:00:00+00:00
https://sherdog.com/events/UFC-on-ESPN-67-Sandhagen-vs-Figueiredo-106884,2024-06-29T00:00:00+00:00
https://sherdog.com/events/UFC-on-ESPN-66-Garry-vs-Prates-106862,2025-05-10T00:00:00+00:00
https://sherdog.com/events/UFC-314-Volkanovski-vs-Lopes-106606,2024-06-15T00:00:00+00:00
https://sherdog.com/events/UFC-on-ESPN-65-Emmett-vs-Murphy-106343,2024-06-22T00:00:00+00:00
https://sherdog.com/events/UFC-on-ESPN-64-Moreno-vs-Erceg-105790,2024-06-08T00:00:00+00:00
https://sherdog.com/events/UFC-Fight-Night-255-Edwards-vs-Brady-105670,2025-03-22T00:00:00+00:00
https://sherdog.com/events/UFC-Fight-Night-254-Vettori-vs-Dolidze-2-105789,2025-05-03T00:00:00+00:00
https://sherdog.com/events/UFC-313-Pereira-vs-Ankalaev-105788,2024-06-01T00:00:00+00:00
https://sherdog.com/events/UFC-Fight-Night-253-Kape-vs-Almabayev-105575,2024-05-19T05:00:00+00:00
https://sherdog.com/events/UFC-Fight-Night-252-Cejudo-vs-Song-105576,2024-05-19T03:00:00+00:00
https://sherdog.com/events/UFC-Fight-Night-251-Cannonier-vs-Rodrigues-105577,2024-05-18T03:00:00+00:00
https://sherdog.com/events/UFC-312-Du-Plessis-vs-Strickland-2-105092,2024-05-18T05:00:00+00:00
https://sherdog.com/events/UFC-Fight-Night-250-Adesanya-vs-Imavov-105177,2025-03-08T00:00:00+00:00
https://sherdog.com/events/UFC-311-Makhachev-vs-Moicano-104927,2024-05-11T00:00:00+00:00
https://sherdog.com/events/UFC-Fight-Night-249-Dern-vs-Ribas-2-104817,2024-05-18T13:00:00+00:00
https://sherdog.com/events/UFC-on-ESPN-63-Covington-vs-Buckley-104113,2025-03-29T00:00:00+00:00
https://sherdog.com/events/UFC-310-Pantoja-vs-Asakura-103714,2025-04-26T00:00:00+00:00
https://sherdog.com/events/UFC-Fight-Night-248-Yan-vs-Figueiredo-104112,2024-03-23T00:00:00+00:00
https://sherdog.com/events/UFC-309-Jones-vs-Miocic-103896,2024-05-04T00:00:00+00:00
https://sherdog.com/events/UFC-Fight-Night-247-Magny-vs-Prates-103893,2024-04-06T00:00:00+00:00
https://sherdog.com/events/UFC-Fight-Night-246-Moreno-vs-Albazi-103864,2024-03-16T00:00:00+00:00
https://sherdog.com/events/UFC-308-Topuria-vs-Holloway-102482,2024-04-27T00:00:00+00:00
https://sherdog.com/events/UFC-Fight-Night-245-Hernandez-vs-Pereira-103837,2024-04-13T00:00:00+00:00
https://sherdog.com/events/UFC-Fight-Night-244-Royval-vs-Taira-103715,2024-03-30T00:00:00+00:00
https://sherdog.com/events/UFC-307-Pereira-vs-Rountree-103193,2025-06-07T00:00:00+00:00
https://sherdog.com/events/UFC-Fight-Night-243-Moicano-vs-St-Denis-102194,2024-02-03T00:00:00+00:00
https://sherdog.com/events/UFC-306-Noche-UFC-OMalley-vs-Dvalishvili-100837,2023-12-09T00:00:00+00:00
https://sherdog.com/events/UFC-Fight-Night-242-Burns-vs-Brady-103192,2025-05-31T00:00:00+00:00
https://sherdog.com/events/UFC-on-ESPN-62-Cannonier-vs-Borralho-103286,2025-05-17T00:00:00+00:00
https://sherdog.com/events/UFC-Road-to-UFC-Season-3-Las-Vegas-Semifinals-2-103685,2024-02-10T00:00:00+00:00
https://sherdog.com/events/UFC-Road-to-UFC-Season-3-Las-Vegas-Semifinals-1-103684,2024-01-13T00:00:00+00:00
https://sherdog.com/events/UFC-305-Du-Plessis-vs-Adesanya-102302,2024-02-03T00:00:00+00:00
https://sherdog.com/events/UFC-on-ESPN-61-Tybura-vs-Spivac-2-102682,2024-01-20T00:00:00+00:00
https://sherdog.com/events/UFC-on-ABC-7-Sandhagen-vs-Nurmagomedov-101959,2024-02-24T00:00:00+00:00
https://sherdog.com/events/UFC-304-Edwards-vs-Muhammad-2-102683,2024-03-02T00:00:00+00:00
https://sherdog.com/events/UFC-on-ESPN-60-Lemos-vs-Jandiroba-102684,2024-02-17T00:00:00+00:00
https://sherdog.com/events/UFC-on-ESPN-59-Namajunas-vs-Cortez-102307,2024-03-09T00:00:00+00:00
https://sherdog.com/events/UFC-303-Pereira-vs-Prochazka-2-101573,2023-12-16T00:00:00+00:00
https://sherdog.com/events/UFC-on-ABC-6-Whittaker-vs-Aliskerov-101352,2023-11-04T00:00:00+00:00
https://sherdog.com/events/UFC-on-ESPN-58-Perez-vs-Taira-102196,2023-08-27T01:00:00+00:00
https://sherdog.com/events/UFC-on-ESPN-57-Cannonier-vs-Imavov-102220,2025-05-22T04:00:00+00:00
https://sherdog.com/events/UFC-302-Makhachev-vs-Poirier-101617,2025-04-05T00:00:00+00:00
https://sherdog.com/events/UFC-Road-to-UFC-Season-3-Shanghai-Quarterfinals-4-102630,2025-04-12T00:00:00+00:00
https://sherdog.com/events/UFC-Road-to-UFC-Season-3-Shanghai-Quarterfinals-3-102629,2023-08-27T03:00:00+00:00
https://sherdog.com/events/UFC-Fight-Night-241-Barboza-vs-Murphy-101602,2025-05-23T04:00:00+00:00
https://sherdog.com/events/UFC-Road-to-UFC-Season-3-Shanghai-Quarterfinals-2-102628,2023-10-07T00:00:00+00:00
https://sherdog.com/events/UFC-Road-to-UFC-Season-3-Shanghai-Quarterfinals-1-102627,2023-09-23T00:00:00+00:00
https://sherdog.com/events/UFC-on-ESPN-56-Lewis-vs-Nascimento-101616,2023-12-02T00:00:00+00:00
https://sherdog.com/events/UFC-301-Pantoja-vs-Erceg-101242,2023-10-14T00:00:00+00:00
https://sherdog.com/events/UFC-on-ESPN-55-Nicolau-vs-Perez-101241,2023-09-02T00:00:00+00:00
https://sherdog.com/events/UFC-300-Pereira-vs-Hill-100836,2023-10-21T00:00:00+00:00
https://sherdog.com/events/UFC-Fight-Night-240-Allen-vs-Curtis-2-100903,2023-09-16T00:00:00+00:00
https://sherdog.com/events/UFC-on-ESPN-54-Blanchfield-vs-Fiorot-100718,2025-02-15T00:00:00+00:00
https://sherdog.com/events/UFC-on-ESPN-53-Ribas-vs-Namajunas-100735,2025-03-15T00:00:00+00:00
https://sherdog.com/events/UFC-Fight-Night-239-Tuivasa-vs-Tybura-100734,2023-11-18T00:00:00+00:00
https://sherdog.com/events/UFC-299-OMalley-vs-Vera-2-100287,2025-01-18T00:00:00+00:00
https://sherdog.com/events/UFC-Fight-Night-238-Rozenstruik-vs-Gaziev-100072,2023-09-09T00:00:00+00:00
https://sherdog.com/events/UFC-Fight-Night-237-Moreno-vs-Royval-2-100468,2023-08-26T00:00:00+00:00
https://sherdog.com/events/UFC-298-Volkanovski-vs-Topuria-100286,2023-11-11T00:00:00+00:00
https://sherdog.com/events/UFC-Fight-Night-236-Hermansson-vs-Pyfer-100402,2025-05-22T06:00:00+00:00
https://sherdog.com/events/UFC-Road-to-UFC-Season-2-Las-Vegas-Finals-100833,2023-08-19T00:00:00+00:00
https://sherdog.com/events/UFC-Fight-Night-235-Dolidze-vs-Imavov-100145,2023-08-05T00:00:00+00:00
https://sherdog.com/events/UFC-297-Strickland-vs-Du-Plessis-99740,2023-08-12T00:00:00+00:00
https://sherdog.com/events/UFC-Fight-Night-234-Ankalaev-vs-Walker-2-99605,2023-05-13T00:00:00+00:00
https://sherdog.com/events/UFC-296-Edwards-vs-Covington-98050,2024-11-02T00:00:00+00:00
https://sherdog.com/events/UFC-Fight-Night-233-Song-vs-Gutierrez-99468,2025-05-23T06:00:00+00:00
https://sherdog.com/events/UFC-on-ESPN-52-Dariush-vs-Tsarukyan-99135,2025-02-01T00:00:00+00:00
https://sherdog.com/events/UFC-Fight-Night-232-Allen-vs-Craig-98054,2023-05-28T00:00:00+00:00
https://sherdog.com/events/UFC-295-Prochazka-vs-Pereira-98494,2023-05-27T00:00:00+00:00
https://sherdog.com/events/UFC-Fight-Night-231-Almeida-vs-Lewis-98060,2023-05-27T00:00:00+00:00
https://sherdog.com/events/UFC-294-Makhachev-vs-Volkanovski-2-97019,2023-05-28T00:00:00+00:00
https://sherdog.com/events/UFC-Fight-Night-230-Yusuff-vs-Barboza-98595,2023-03-18T00:00:00+00:00
https://sherdog.com/events/UFC-Fight-Night-229-Dawson-vs-Green-98053,2023-07-29T00:00:00+00:00
https://sherdog.com/events/UFC-Fight-Night-228-Fiziev-vs-Gamrot-98052,2023-06-24T00:00:00+00:00
https://sherdog.com/events/UFC-Fight-Night-227-Grasso-vs-Shevchenko-2-98051,2023-06-03T00:00:00+00:00
https://sherdog.com/events/UFC-293-Adesanya-vs-Strickland-98049,2023-06-17T00:00:00+00:00
https://sherdog.com/events/UFC-Fight-Night-226-Gane-vs-Spivak-98110,2023-07-01T00:00:00+00:00
https://sherdog.com/events/UFC-Road-to-UFC-Season-2-Singapore-Semifinals-2-98226,2023-04-22T00:00:00+00:00
https://sherdog.com/events/UFC-Road-to-UFC-Season-2-Singapore-Semifinals-1-98225,2023-05-20T00:00:00+00:00
https://sherdog.com/events/UFC-Fight-Night-225-Holloway-vs-Korean-Zombie-98155,2023-07-15T00:00:00+00:00
https://sherdog.com/events/UFC-292-Sterling-vs-OMalley-97584,2023-04-08T00:00:00+00:00
https://sherdog.com/events/UFC-on-ESPN-51-Luque-vs-dos-Anjos-97766,2025-02-22T00:00:00+00:00
https://sherdog.com/events/UFC-on-ESPN-50-Sandhagen-vs-Font-97864,2023-04-29T00:00:00+00:00
https://sherdog.com/events/UFC-291-Poirier-vs-Gaethje-2-97463,2023-04-15T00:00:00+00:00
https://sherdog.com/events/UFC-Fight-Night-224-Aspinall-vs-Tybura-97203,2023-05-06T00:00:00+00:00
https://sherdog.com/events/UFC-on-ESPN-49-Holm-vs-Bueno-Silva-97533,2023-07-08T00:00:00+00:00
https://sherdog.com/events/UFC-290-Volkanovski-vs-Rodriguez-96757,2023-06-10T00:00:00+00:00
https://sherdog.com/events/UFC-on-ESPN-48-Strickland-vs-Magomedov-97462,2023-07-22T00:00:00+00:00
https://sherdog.com/events/UFC-on-ABC-5-Emmett-vs-Topuria-97149,2022-11-12T00:00:00+00:00
https://sherdog.com/events/UFC-on-ESPN-47-Vettori-vs-Cannonier-97116,2022-10-01T00:00:00+00:00
https://sherdog.com/events/UFC-289-Nunes-vs-Aldana-97020,2022-09-10T00:00:00+00:00
https://sherdog.com/events/UFC-on-ESPN-46-KaraFrance-vs-Albazi-96960,2022-11-19T00:00:00+00:00
https://sherdog.com/events/UFC-Road-to-UFC-Season-2-Shanghai-Quarterfinals-4-97379,2023-02-18T00:00:00+00:00
https://sherdog.com/events/UFC-Road-to-UFC-Season-2-Shanghai-Quarterfinals-3-97378,2022-10-23T00:00:00+00:00
https://sherdog.com/events/UFC-Road-to-UFC-Season-2-Shanghai-Quarterfinals-2-97376,2022-10-23T00:00:00+00:00
https://sherdog.com/events/UFC-Road-to-UFC-Season-2-Shanghai-Quarterfinals-1-97375,2022-10-15T00:00:00+00:00
https://sherdog.com/events/UFC-Fight-Night-223-Dern-vs-Hill-96689,2023-02-11T00:00:00+00:00
https://sherdog.com/events/UFC-on-ABC-4-Rozenstruik-vs-Almeida-96527,2022-12-17T00:00:00+00:00
https://sherdog.com/events/UFC-288-Sterling-vs-Cejudo-96351,2023-01-14T00:00:00+00:00
https://sherdog.com/events/UFC-on-ESPN-45-Song-vs-Simon-96350,2022-10-29T00:00:00+00:00
https://sherdog.com/events/UFC-Fight-Night-222-Pavlovich-vs-Blaydes-96236,2022-10-22T00:00:00+00:00
https://sherdog.com/events/UFC-on-ESPN-44-Holloway-vs-Allen-96235,2023-03-11T00:00:00+00:00
https://sherdog.com/events/UFC-287-Pereira-vs-Adesanya-2-96031,2022-12-03T00:00:00+00:00
https://sherdog.com/events/UFC-on-ESPN-43-Vera-vs-Sandhagen-95704,2022-12-10T00:00:00+00:00
https://sherdog.com/events/UFC-286-Edwards-vs-Usman-3-95795,2023-03-04T00:00:00+00:00
https://sherdog.com/events/UFC-Fight-Night-221-Yan-vs-Dvalishvili-95615,2022-11-05T00:00:00+00:00
https://sherdog.com/events/UFC-285-Jones-vs-Gane-95232,2022-05-21T00:00:00+00:00
https://sherdog.com/events/UFC-Fight-Night-220-Muniz-vs-Allen-95560,2024-09-28T00:00:00+00:00
https://sherdog.com/events/UFC-Fight-Night-219-Andrade-vs-Blanchfield-95326,2023-03-25T00:00:00+00:00
https://sherdog.com/events/UFC-284-Makhachev-vs-Volkanovski-95031,2024-12-14T00:00:00+00:00
https://sherdog.com/events/UFC-Fight-Night-218-Lewis-vs-Spivak-95166,2023-02-25T00:00:00+00:00
https://sherdog.com/events/UFC-283-Teixeira-vs-Hill-94331,2023-02-04T00:00:00+00:00
https://sherdog.com/events/UFC-Fight-Night-217-Strickland-vs-Imavov-94946,2025-03-01T00:00:00+00:00
https://sherdog.com/events/UFC-Fight-Night-216-Cannonier-vs-Strickland-94047,2023-01-21T00:00:00+00:00
https://sherdog.com/events/UFC-282-Blachowicz-vs-Ankalaev-94042,2022-05-07T00:00:00+00:00
https://sherdog.com/events/UFC-on-ESPN-42-Thompson-vs-Holland-94046,2022-03-19T00:00:00+00:00
https://sherdog.com/events/UFC-Fight-Night-215-Nzechukwu-vs-Cutelaba-94045,2022-06-09T00:00:00+00:00
https://sherdog.com/events/UFC-281-Adesanya-vs-Pereira-94041,2022-06-10T00:00:00+00:00
https://sherdog.com/events/UFC-Fight-Night-214-Rodriguez-vs-Lemos-94043,2022-06-10T00:00:00+00:00
https://sherdog.com/events/UFC-Fight-Night-213-Kattar-vs-Allen-94044,2022-06-09T00:00:00+00:00
https://sherdog.com/events/UFC-Road-to-UFC-Abu-Dhabi-Semifinals-2-94742,2022-02-26T00:00:00+00:00
https://sherdog.com/events/UFC-Road-to-UFC-Abu-Dhabi-Semifinals-1-94741,2022-04-30T00:00:00+00:00
https://sherdog.com/events/UFC-280-Oliveira-vs-Makhachev-92490,2024-11-09T00:00:00+00:00
https://sherdog.com/events/UFC-Fight-Night-212-Grasso-vs-Araujo-93809,2022-08-20T00:00:00+00:00
https://sherdog.com/events/UFC-Fight-Night-211-Dern-vs-Yan-93426,2022-09-17T00:00:00+00:00
https://sherdog.com/events/UFC-Fight-Night-210-Sandhagen-vs-Song-93612,2022-07-09T00:00:00+00:00
https://sherdog.com/events/UFC-279-Diaz-vs-Ferguson-93247,2022-05-14T00:00:00+00:00
https://sherdog.com/events/UFC-Fight-Night-209-Gane-vs-Tuivasa-93036,2022-08-13T00:00:00+00:00
https://sherdog.com/events/UFC-278-Usman-vs-Edwards-2-93201,2022-06-18T00:00:00+00:00
https://sherdog.com/events/UFC-on-ESPN-41-Vera-vs-Cruz-93192,2022-07-30T00:00:00+00:00
https://sherdog.com/events/UFC-on-ESPN-40-Santos-vs-Hill-93076,2022-06-12T00:00:00+00:00
https://sherdog.com/events/UFC-277-Pena-vs-Nunes-2-92633,2022-07-02T00:00:00+00:00
https://sherdog.com/events/UFC-Fight-Night-208-Blaydes-vs-Aspinall-92906,2022-06-25T00:00:00+00:00
https://sherdog.com/events/UFC-on-ABC-3-Ortega-vs-Rodriguez-92792,2022-09-03T00:00:00+00:00
https://sherdog.com/events/UFC-on-ESPN-39-Dos-Anjos-vs-Fiziev-92738,2025-02-08T00:00:00+00:00
https://sherdog.com/events/UFC-276-Adesanya-vs-Cannonier-91882,2022-07-16T00:00:00+00:00
https://sherdog.com/events/UFC-on-ESPN-38-Tsarukyan-vs-Gamrot-92636,2022-06-04T00:00:00+00:00
https://sherdog.com/events/UFC-on-ESPN-37-Kattar-vs-Emmett-92670,2022-08-06T00:00:00+00:00
https://sherdog.com/events/UFC-275-Teixeira-vs-Prochazka-92186,2024-11-16T00:00:00+00:00
https://sherdog.com/events/UFC-Road-to-UFC-Singapore-Quarterfinals-4-92929,2022-07-23T00:00:00+00:00
https://sherdog.com/events/UFC-Road-to-UFC-Singapore-Quarterfinals-3-92928,2021-12-11T00:00:00+00:00
https://sherdog.com/events/UFC-Road-to-UFC-Singapore-Quarterfinals-2-92919,2024-09-14T00:00:00+00:00
https://sherdog.com/events/UFC-Road-to-UFC-Singapore-Quarterfinals-1-92918,2022-04-23T00:00:00+00:00
https://sherdog.com/events/UFC-Fight-Night-207-Volkov-vs-Rozenstruik-92057,2024-10-26T00:00:00+00:00
https://sherdog.com/events/UFC-Fight-Night-206-Holm-vs-Vieira-91978,2021-06-26T00:00:00+00:00
https://sherdog.com/events/UFC-on-ESPN-36-Blachowicz-vs-Rakic-91795,2021-06-19T00:00:00+00:00
https://sherdog.com/events/UFC-274-Oliveira-vs-Gaethje-91512,2021-06-12T00:00:00+00:00
https://sherdog.com/events/UFC-on-ESPN-35-Font-vs-Vera-91854,2022-04-16T00:00:00+00:00
https://sherdog.com/events/UFC-Fight-Night-205-Lemos-vs-Andrade-91797,2022-01-15T00:00:00+00:00
https://sherdog.com/events/UFC-on-ESPN-34-Luque-vs-Muhammad-2-91735,2022-03-26T00:00:00+00:00
https://sherdog.com/events/UFC-273-Volkanovski-vs-Korean-Zombie-91679,2022-02-19T00:00:00+00:00
https://sherdog.com/events/UFC-on-ESPN-33-Blaydes-vs-Daukaus-91130,2022-04-09T00:00:00+00:00
https://sherdog.com/events/UFC-Fight-Night-204-Volkov-vs-Aspinall-91036,2022-03-05T00:00:00+00:00
https://sherdog.com/events/UFC-Fight-Night-203-Santos-vs-Ankalaev-91131,2022-03-12T00:00:00+00:00
https://sherdog.com/events/UFC-272-Covington-vs-Masvidal-91278,2022-02-05T00:00:00+00:00
https://sherdog.com/events/UFC-Fight-Night-202-Makhachev-vs-Green-90846,2021-12-18T00:00:00+00:00
https://sherdog.com/events/UFC-Fight-Night-201-Walker-vs-Hill-90843,2022-02-12T00:00:00+00:00
https://sherdog.com/events/UFC-271-Adesanya-vs-Whittaker-2-90742,2022-01-22T00:00:00+00:00
https://sherdog.com/events/UFC-Fight-Night-200-Hermansson-vs-Strickland-90688,2021-04-24T00:00:00+00:00
https://sherdog.com/events/UFC-270-Ngannou-vs-Gane-90612,2021-02-20T00:00:00+00:00
https://sherdog.com/events/UFC-on-ESPN-32-Kattar-vs-Chikadze-90552,2024-08-23T20:00:00+00:00
https://sherdog.com/events/UFC-Fight-Night-199-Lewis-vs-Daukaus-90256,2021-09-04T00:00:00+00:00
https://sherdog.com/events/UFC-269-Oliveira-vs-Poirier-90120,2021-07-31T00:00:00+00:00
https://sherdog.com/events/UFC-on-ESPN-31-Font-vs-Aldo-90320,2021-10-09T00:00:00+00:00
https://sherdog.com/events/UFC-Fight-Night-198-Vieira-vs-Tate-90119,2021-11-20T00:00:00+00:00
https://sherdog.com/events/UFC-Fight-Night-197-Holloway-vs-Rodriguez-90118,2021-08-21T00:00:00+00:00
https://sherdog.com/events/UFC-268-Usman-vs-Covington-2-90043,2021-10-16T00:00:00+00:00
https://sherdog.com/events/UFC-267-Blachowicz-vs-Teixeira-89819,2021-07-17T00:00:00+00:00
https://sherdog.com/events/UFC-Fight-Night-196-Costa-vs-Vettori-89999,2021-10-02T00:00:00+00:00
https://sherdog.com/events/UFC-Fight-Night-195-Ladd-vs-Dumont-89887,2021-11-13T00:00:00+00:00
https://sherdog.com/events/UFC-Fight-Night-194-Dern-vs-Rodriguez-89818,2021-11-06T00:00:00+00:00
https://sherdog.com/events/UFC-Fight-Night-193-Santos-vs-Walker-89377,2021-09-25T00:00:00+00:00
https://sherdog.com/events/UFC-266-Volkanovski-vs-Ortega-89141,2021-12-04T00:00:00+00:00
https://sherdog.com/events/UFC-Fight-Night-192-Smith-vs-Spann-89440,2024-10-19T00:00:00+00:00
https://sherdog.com/events/UFC-Fight-Night-191-Brunson-vs-Till-89657,2021-10-30T00:00:00+00:00
https://sherdog.com/events/UFC-on-ESPN-30-Barboza-vs-Chikadze-89337,2021-10-23T00:00:00+00:00
https://sherdog.com/events/UFC-on-ESPN-29-Cannonier-vs-Gastelum-89378,2024-09-07T00:00:00+00:00
https://sherdog.com/events/UFC-265-Lewis-vs-Gane-89140,2021-07-10T00:00:00+00:00
https://sherdog.com/events/UFC-on-ESPN-28-Hall-vs-Strickland-89161,2021-08-28T00:00:00+00:00
https://sherdog.com/events/UFC-on-ESPN-27-Sandhagen-vs-Dillashaw-89119,2024-08-24T00:00:00+00:00
https://sherdog.com/events/UFC-on-ESPN-26-Makhachev-vs-Moises-88983,2021-09-18T00:00:00+00:00
https://sherdog.com/events/UFC-264-Poirier-vs-McGregor-3-88969,2021-07-24T00:00:00+00:00
https://sherdog.com/events/UFC-Fight-Night-190-Gane-vs-Volkov-88824,2021-08-07T00:00:00+00:00
https://sherdog.com/events/UFC-on-ESPN-25-Korean-Zombie-vs-Ige-88795,2024-10-12T00:00:00+00:00
https://sherdog.com/events/UFC-263-Adesanya-vs-Vettori-2-88760,2024-10-05T00:00:00+00:00
https://sherdog.com/events/UFC-Fight-Night-189-Rozenstruik-vs-Sakai-88821,2024-08-17T00:00:00+00:00
https://sherdog.com/events/UFC-Fight-Night-188-Font-vs-Garbrandt-88695,2020-10-10T00:00:00+00:00
https://sherdog.com/events/UFC-262-Oliveira-vs-Chandler-88694,2020-11-21T00:00:00+00:00
https://sherdog.com/events/UFC-on-ESPN-24-Rodriguez-vs-Waterson-88639,2021-01-20T00:00:00+00:00
https://sherdog.com/events/UFC-on-ESPN-23-Reyes-vs-Prochazka-88625,2020-08-08T00:00:00+00:00
https://sherdog.com/events/UFC-261-Usman-vs-Masvidal-2-88587,2020-10-17T00:00:00+00:00
https://sherdog.com/events/UFC-on-ESPN-22-Whittaker-vs-Gastelum-88505,2020-06-20T00:00:00+00:00
https://sherdog.com/events/UFC-on-ABC-2-Vettori-vs-Holland-88319,2020-06-13T00:00:00+00:00
https://sherdog.com/events/UFC-260-Miocic-vs-Ngannou-2-88377,2020-07-11T00:00:00+00:00
https://sherdog.com/events/UFC-on-ESPN-21-Brunson-vs-Holland-88172,2024-08-23T18:00:00+00:00
https://sherdog.com/events/UFC-Fight-Night-187-Edwards-vs-Muhammad-88284,2021-06-05T00:00:00+00:00
https://sherdog.com/events/UFC-259-Blachowicz-vs-Adesanya-88003,2021-04-17T00:00:00+00:00
https://sherdog.com/events/UFC-Fight-Night-186-Rozenstruik-vs-Gane-87903,2021-05-08T12:00:00+00:00
https://sherdog.com/events/UFC-Fight-Night-185-Blaydes-vs-Lewis-88022,2021-05-22T00:00:00+00:00
https://sherdog.com/events/UFC-258-Usman-vs-Burns-87797,2021-04-10T00:00:00+00:00
https://sherdog.com/events/UFC-Fight-Night-184-Overeem-vs-Volkov-87802,2021-05-01T00:00:00+00:00
https://sherdog.com/events/UFC-257-Poirier-vs-McGregor-2-87798,2021-03-27T00:00:00+00:00
https://sherdog.com/events/UFC-on-ESPN-20-Chiesa-vs-Magny-88171,2021-05-15T00:00:00+00:00
https://sherdog.com/events/UFC-on-ABC-1-Holloway-vs-Kattar-87759,2021-02-27T12:00:00+00:00
https://sherdog.com/events/UFC-Fight-Night-183-Thompson-vs-Neal-87646,2020-08-01T00:00:00+00:00
https://sherdog.com/events/UFC-256-Figueiredo-vs-Moreno-87401,2021-03-13T00:00:00+00:00
https://sherdog.com/events/UFC-on-ESPN-19-Hermansson-vs-Vettori-87402,2021-03-20T00:00:00+00:00
https://sherdog.com/events/UFC-on-ESPN-18-Smith-vs-Clark-87392,2020-09-05T00:00:00+00:00
https://sherdog.com/events/UFC-255-Figueiredo-vs-Perez-87312,2020-11-14T00:00:00+00:00
https://sherdog.com/events/UFC-Fight-Night-182-Felder-vs-dos-Anjos-87393,2020-06-27T00:00:00+00:00
https://sherdog.com/events/UFC-on-ESPN-17-Santos-vs-Teixeira-87362,2020-12-05T00:00:00+00:00
https://sherdog.com/events/UFC-Fight-Night-181-Hall-vs-Silva-87364,2020-11-28T00:00:00+00:00
https://sherdog.com/events/UFC-254-Nurmagomedov-vs-Gaethje-87041,2020-10-31T00:00:00+00:00
https://sherdog.com/events/UFC-Fight-Night-180-Ortega-vs-Korean-Zombie-87277,2021-02-06T00:00:00+00:00
https://sherdog.com/events/UFC-Fight-Night-179-Moraes-vs-Sandhagen-87307,2020-08-22T00:00:00+00:00
https://sherdog.com/events/UFC-on-ESPN-16-Holm-vs-Aldana-87223,2021-01-23T00:00:00+00:00
https://sherdog.com/events/UFC-253-Adesanya-vs-Costa-86797,2021-03-06T00:00:00+00:00
https://sherdog.com/events/UFC-Fight-Night-178-Covington-vs-Woodley-87021,2020-08-29T00:00:00+00:00
https://sherdog.com/events/UFC-Fight-Night-177-Waterson-vs-Hill-86969,2020-10-24T00:00:00+00:00
https://sherdog.com/events/UFC-Fight-Night-176-Overeem-vs-Sakai-87045,2020-07-18T00:00:00+00:00
https://sherdog.com/events/UFC-Fight-Night-175-Smith-vs-Rakic-86829,2020-12-12T00:00:00+00:00
https://sherdog.com/events/UFC-on-ESPN-15-Munhoz-vs-Edgar-86802,2020-07-15T00:00:00+00:00
https://sherdog.com/events/UFC-252-Miocic-vs-Cormier-3-85053,2021-02-13T00:00:00+00:00
https://sherdog.com/events/UFC-Fight-Night-174-Lewis-vs-Oleynik-86828,2020-12-19T00:00:00+00:00
https://sherdog.com/events/UFC-Fight-Night-173-Brunson-vs-Shahbazyan-86792,2020-07-25T00:00:00+00:00
https://sherdog.com/events/UFC-on-ESPN-14-Whittaker-vs-Till-86682,2020-09-26T00:00:00+00:00
https://sherdog.com/events/UFC-Fight-Night-172-Figueiredo-vs-Benavidez-2-86639,2020-10-03T00:00:00+00:00
https://sherdog.com/events/UFC-on-ESPN-13-Kattar-vs-Ige-86749,2021-01-16T00:00:00+00:00
https://sherdog.com/events/UFC-251-Usman-vs-Masvidal-86573,2020-09-19T00:00:00+00:00
https://sherdog.com/events/UFC-on-ESPN-12-Poirier-vs-Hooker-85439,2020-09-12T00:00:00+00:00
https://sherdog.com/events/UFC-on-ESPN-11-Blaydes-vs-Volkov-85753,2020-08-15T00:00:00+00:00
https://sherdog.com/events/UFC-on-ESPN-10-Eye-vs-Calvillo-85485,2020-11-07T00:00:00+00:00
https://sherdog.com/events/UFC-250-Nunes-vs-Spencer-85345,2020-01-25T00:00:00+00:00
https://sherdog.com/events/UFC-on-ESPN-9-Woodley-vs-Burns-86414,2019-11-16T00:00:00+00:00
https://sherdog.com/events/UFC-on-ESPN-8-Overeem-vs-Harris-85255,2019-05-04T00:00:00+00:00
https://sherdog.com/events/UFC-Fight-Night-171-Smith-vs-Teixeira-86413,2019-07-06T00:00:00+00:00
https://sherdog.com/events/UFC-249-Ferguson-vs-Gaethje-84357,2019-06-22T00:00:00+00:00
https://sherdog.com/events/UFC-Fight-Night-170-Lee-vs-Oliveira-82429,2019-05-18T00:00:00+00:00
https://sherdog.com/events/UFC-248-Adesanya-vs-Romero-83251,2019-04-13T00:00:00+00:00
https://sherdog.com/events/UFC-Fight-Night-169-Benavidez-vs-Figueiredo-83479,2019-03-30T00:00:00+00:00
https://sherdog.com/events/UFC-Fight-Night-168-Felder-vs-Hooker-82983,2019-03-23T00:00:00+00:00
https://sherdog.com/events/UFC-Fight-Night-167-Anderson-vs-Blachowicz-2-82977,2019-03-16T00:00:00+00:00
https://sherdog.com/events/UFC-247-Jones-vs-Reyes-82427,2019-03-09T00:00:00+00:00
https://sherdog.com/events/UFC-Fight-Night-166-Blaydes-vs-dos-Santos-82247,2019-04-20T00:00:00+00:00
https://sherdog.com/events/UFC-246-McGregor-vs-Cerrone-82425,2019-04-27T00:00:00+00:00
https://sherdog.com/events/UFC-Fight-Night-165-Edgar-vs-Korean-Zombie-76609,2019-05-11T00:00:00+00:00
https://sherdog.com/events/UFC-245-Usman-vs-Covington-76607,2019-02-02T00:00:00+00:00
https://sherdog.com/events/UFC-on-ESPN-7-Overeem-vs-Rozenstruik-76605,2020-06-06T00:00:00+00:00
https://sherdog.com/events/UFC-Fight-Night-164-Blachowicz-vs-Jacare-76601,2020-05-16T00:00:00+00:00
https://sherdog.com/events/UFC-Fight-Night-163-Magomedsharipov-vs-Kattar-79823,2019-08-31T00:00:00+00:00
https://sherdog.com/events/UFC-244-Masvidal-vs-Diaz-76599,2019-08-10T00:00:00+00:00
https://sherdog.com/events/UFC-Fight-Night-162-Maia-vs-Askren-76597,2019-09-21T00:00:00+00:00
https://sherdog.com/events/UFC-on-ESPN-6-Reyes-vs-Weidman-76595,2019-09-28T00:00:00+00:00
https://sherdog.com/events/UFC-Fight-Night-161-Jedrzejczyk-vs-Waterson-76593,2020-05-13T00:00:00+00:00
https://sherdog.com/events/UFC-243-Whittaker-vs-Adesanya-76591,2020-05-30T00:00:00+00:00
https://sherdog.com/events/UFC-Fight-Night-160-Hermansson-vs-Cannonier-76589,2019-07-27T00:00:00+00:00
https://sherdog.com/events/UFC-Fight-Night-159-Rodriguez-vs-Stephens-76587,2020-02-29T00:00:00+00:00
https://sherdog.com/events/UFC-Fight-Night-158-Cowboy-vs-Gaethje-76585,2019-06-01T00:00:00+00:00
https://sherdog.com/events/UFC-242-Khabib-vs-Poirier-76401,2019-07-13T00:00:00+00:00
https://sherdog.com/events/UFC-Fight-Night-157-Andrade-vs-Zhang-76583,2019-10-26T00:00:00+00:00
https://sherdog.com/events/UFC-241-Cormier-vs-Miocic-2-76383,2020-03-14T00:00:00+00:00
https://sherdog.com/events/UFC-Fight-Night-156-Shevchenko-vs-Carmouche-2-76581,2019-06-29T00:00:00+00:00
https://sherdog.com/events/UFC-on-ESPN-5-Covington-vs-Lawler-76579,2019-11-09T00:00:00+00:00
https://sherdog.com/events/UFC-240-Holloway-vs-Edgar-76577,2019-09-07T00:00:00+00:00
https://sherdog.com/events/UFC-on-ESPN-4-Dos-Anjos-vs-Edwards-76575,2019-12-07T00:00:00+00:00
https://sherdog.com/events/UFC-Fight-Night-155-De-Randamie-vs-Ladd-76573,2019-09-14T00:00:00+00:00
https://sherdog.com/events/UFC-239-Jones-vs-Santos-75113,2020-02-15T00:00:00+00:00
https://sherdog.com/events/UFC-on-ESPN-3-Ngannou-vs-Dos-Santos-73351,2019-12-21T00:00:00+00:00
https://sherdog.com/events/UFC-Fight-Night-154-Moicano-vs-The-Korean-Zombie-73349,2019-08-03T00:00:00+00:00
https://sherdog.com/events/UFC-238-Cejudo-vs-Moraes-73347,2020-02-08T00:00:00+00:00
https://sherdog.com/events/UFC-Fight-Night-153-Gustafsson-vs-Smith-73345,2019-10-18T00:00:00+00:00
https://sherdog.com/events/UFC-Fight-Night-152-Dos-Anjos-vs-Lee-73343,2019-06-08T17:15:00+00:00
https://sherdog.com/events/UFC-237-Namajunas-vs-Andrade-73341,2020-03-07T00:00:00+00:00
https://sherdog.com/events/UFC-Fight-Night-151-Iaquinta-vs-Cowboy-73339,2019-10-05T00:00:00+00:00
https://sherdog.com/events/UFC-Fight-Night-150-Jacare-vs-Hermansson-73337,2019-07-20T00:00:00+00:00
https://sherdog.com/events/UFC-Fight-Night-149-Overeem-vs-Oleynik-73335,2019-01-19T00:00:00+00:00
https://sherdog.com/events/UFC-236-Holloway-vs-Poirier-73333,2020-01-18T00:00:00+00:00
https://sherdog.com/events/UFC-on-ESPN-2-Barboza-vs-Gaethje-72035,2019-12-14T00:00:00+00:00
https://sherdog.com/events/UFC-Fight-Night-148-Thompson-vs-Pettis-72033,2020-05-09T00:00:00+00:00
https://sherdog.com/events/UFC-Fight-Night-147-Till-vs-Masvidal-72031,2019-10-12T00:00:00+00:00
https://sherdog.com/events/UFC-Fight-Night-146-Lewis-vs-Dos-Santos-72029,2019-11-02T00:00:00+00:00
https://sherdog.com/events/UFC-235-Jones-vs-Smith-72027,2018-12-29T00:00:00+00:00
https://sherdog.com/events/UFC-Fight-Night-145-Blachowicz-vs-Santos-72051,2020-02-23T00:00:00+00:00
https://sherdog.com/events/UFC-on-ESPN-1-Ngannou-vs-Velasquez-72025,2018-12-15T00:00:00+00:00
https://sherdog.com/events/UFC-234-Adesanya-vs-Silva-72011,2019-03-02T00:00:00+00:00
https://sherdog.com/events/UFC-Fight-Night-144-Assuncao-vs-Moraes-2-72023,2019-08-17T00:00:00+00:00
https://sherdog.com/events/UFC-Fight-Night-143-Cejudo-vs-Dillashaw-72019,2018-12-08T00:00:00+00:00
https://sherdog.com/events/UFC-232-Jones-vs-Gustafsson-2-69297,2018-04-21T00:00:00+00:00
https://sherdog.com/events/UFC-on-Fox-31-Iaquinta-vs-Lee-2-69295,2018-01-20T00:00:00+00:00
https://sherdog.com/events/UFC-231-Holloway-vs-Ortega-69293,2018-12-01T00:00:00+00:00
https://sherdog.com/events/UFC-Fight-Night-142-Dos-Santos-vs-Tuivasa-69291,2018-11-24T00:00:00+00:00
https://sherdog.com/events/UFC-The-Ultimate-Fighter-28-Finale-69289,2019-02-23T00:00:00+00:00
https://sherdog.com/events/UFC-Fight-Night-141-Blaydes-vs-Ngannou-2-69287,2019-02-17T00:00:00+00:00
https://sherdog.com/events/UFC-Fight-Night-140-Magny-vs-Ponzinibbio-69285,2019-02-09T00:00:00+00:00
https://sherdog.com/events/UFC-Fight-Night-139-Korean-Zombie-vs-Rodriguez-69283,2018-11-10T00:00:00+00:00
https://sherdog.com/events/UFC-230-Cormier-vs-Lewis-69281,2018-10-27T00:00:00+00:00
https://sherdog.com/events/UFC-Fight-Night-138-Oezdemir-vs-Smith-69279,2017-11-11T15:00:00+00:00
https://sherdog.com/events/UFC-229-Nurmagomedov-vs-McGregor-69277,2017-11-04T00:00:00+00:00
https://sherdog.com/events/UFC-Fight-Night-137-Santos-vs-Anders-69275,2018-11-30T00:00:00+00:00
https://sherdog.com/events/UFC-Fight-Night-136-Hunt-vs-Oleynik-68195,2018-11-17T00:00:00+00:00
https://sherdog.com/events/UFC-228-Woodley-vs-Till-69273,2018-11-03T00:00:00+00:00
https://sherdog.com/events/UFC-Fight-Night-135-Gaethje-vs-Vick-66979,2018-09-15T00:00:00+00:00
https://sherdog.com/events/UFC-227-Dillashaw-vs-Garbrandt-2-66977,2018-09-22T00:00:00+00:00
https://sherdog.com/events/UFC-on-Fox-30-Alvarez-vs-Poirier-2-66975,2018-08-25T00:00:00+00:00
https://sherdog.com/events/UFC-Fight-Night-134-Shogun-vs-Smith-66973,2018-07-22T00:00:00+00:00
https://sherdog.com/events/UFC-Fight-Night-133-Dos-Santos-vs-Ivanov-66971,2018-10-06T00:00:00+00:00
https://sherdog.com/events/UFC-226-Miocic-vs-Cormier-65367,2018-07-06T00:00:00+00:00
https://sherdog.com/events/UFC-The-Ultimate-Fighter-27-Finale-65583,2018-06-01T00:00:00+00:00
https://sherdog.com/events/UFC-Fight-Night-132-Cerrone-vs-Edwards-67121,2018-07-14T00:00:00+00:00
https://sherdog.com/events/UFC-225-Whittaker-vs-Romero-2-65421,2018-01-14T00:00:00+00:00
https://sherdog.com/events/UFC-Fight-Night-131-Rivera-vs-Moraes-65423,2018-09-08T00:00:00+00:00
https://sherdog.com/events/UFC-Fight-Night-130-Thompson-vs-Till-66253,2018-02-03T00:00:00+00:00
https://sherdog.com/events/UFC-Fight-Night-129-Maia-vs-Usman-65581,2018-07-28T00:00:00+00:00
https://sherdog.com/events/UFC-224-Nunes-vs-Pennington-65419,2017-12-30T00:00:00+00:00
https://sherdog.com/events/UFC-Fight-Night-128-Barboza-vs-Lee-65387,2018-08-04T00:00:00+00:00
https://sherdog.com/events/UFC-on-Fox-29-Poirier-vs-Gaethje-65327,2018-04-07T00:00:00+00:00
https://sherdog.com/events/UFC-223-Khabib-vs-Iaquinta-65291,2018-02-10T00:00:00+00:00
https://sherdog.com/events/UFC-Fight-Night-127-Werdum-vs-Volkov-63975,2018-03-17T00:00:00+00:00
https://sherdog.com/events/UFC-222-Cyborg-vs-Kunitskaya-63771,2018-06-23T00:00:00+00:00
https://sherdog.com/events/UFC-on-Fox-28-Emmett-vs-Stephens-63973,2018-02-18T00:00:00+00:00
https://sherdog.com/events/UFC-Fight-Night-126-Cerrone-vs-Medeiros-63971,2018-07-07T00:00:00+00:00
https://sherdog.com/events/UFC-221-Romero-vs-Rockhold-63769,2018-06-09T00:00:00+00:00
https://sherdog.com/events/UFC-Fight-Night-125-Machida-vs-Anders-63767,2018-04-14T00:00:00+00:00
https://sherdog.com/events/UFC-on-Fox-27-Jacare-vs-Brunson-2-63969,2018-05-12T00:00:00+00:00
https://sherdog.com/events/UFC-220-Miocic-vs-Ngannou-63763,2018-01-27T00:00:00+00:00
https://sherdog.com/events/UFC-Fight-Night-124-Stephens-vs-Choi-63765,2017-12-09T00:00:00+00:00
https://sherdog.com/events/UFC-219-Cyborg-vs-Holm-61993,2018-02-24T00:00:00+00:00
https://sherdog.com/events/UFC-on-Fox-26-Lawler-vs-dos-Anjos-62621,2017-12-16T00:00:00+00:00
https://sherdog.com/events/UFC-Fight-Night-123-Swanson-vs-Ortega-62623,2018-05-27T00:00:00+00:00
https://sherdog.com/events/UFC-218-Holloway-vs-Aldo-2-61991,2018-03-03T00:00:00+00:00
https://sherdog.com/events/UFC-The-Ultimate-Fighter-26-Finale-61987,2018-05-19T00:00:00+00:00
https://sherdog.com/events/UFC-Fight-Night-122-Bisping-vs-Gastelum-62001,2017-12-01T00:00:00+00:00
https://sherdog.com/events/UFC-Fight-Night-121-Werdum-vs-Tybura-61985,2017-11-18T21:00:00+00:00
https://sherdog.com/events/UFC-Fight-Night-120-Poirier-vs-Pettis-62649,2017-12-02T00:00:00+00:00
https://sherdog.com/events/UFC-217-Bisping-vs-St-Pierre-61989,2017-11-25T00:00:00+00:00
https://sherdog.com/events/UFC-Fight-Night-119-Brunson-vs-Machida-61997,2016-11-05T00:00:00+00:00
https://sherdog.com/events/UFC-Fight-Night-118-Cerrone-vs-Till-58753,2016-12-03T00:00:00+00:00
https://sherdog.com/events/UFC-216-Ferguson-vs-Lee-61983,2017-10-28T00:00:00+00:00
https://sherdog.com/events/UFC-Fight-Night-117-St-Preux-vs-Okami-60113,2017-10-21T00:00:00+00:00
https://sherdog.com/events/UFC-Fight-Night-116-Rockhold-vs-Branch-61995,2017-09-22T00:00:00+00:00
https://sherdog.com/events/UFC-215-Nunes-vs-Shevchenko-2-59759,2017-09-16T00:00:00+00:00
https://sherdog.com/events/UFC-Fight-Night-115-Volkov-vs-Struve-58751,2017-02-19T00:00:00+00:00
https://sherdog.com/events/UFC-Fight-Night-114-Pettis-vs-Moreno-60029,2017-06-17T00:00:00+00:00
https://sherdog.com/events/UFC-214-Cormier-vs-Jones-2-57825,2016-12-09T00:00:00+00:00
https://sherdog.com/events/UFC-on-Fox-25-Weidman-vs-Gastelum-59505,2017-10-07T00:00:00+00:00
https://sherdog.com/events/UFC-Fight-Night-113-Nelson-vs-Ponzinibbio-58749,2017-06-10T00:00:00+00:00
https://sherdog.com/events/UFC-213-Romero-vs-Whittaker-59011,2017-08-05T00:00:00+00:00
https://sherdog.com/events/UFC-The-Ultimate-Fighter-25-Finale-59007,2017-09-02T00:00:00+00:00
https://sherdog.com/events/UFC-Fight-Night-112-Chiesa-vs-Lee-58847,2017-06-25T00:00:00+00:00
https://sherdog.com/events/UFC-Fight-Night-111-Holm-vs-Correia-58241,2017-09-09T00:00:00+00:00
https://sherdog.com/events/UFC-Fight-Night-110-Hunt-vs-Lewis-58411,2017-05-28T00:00:00+00:00
https://sherdog.com/events/UFC-212-Aldo-vs-Holloway-57993,2016-11-26T00:00:00+00:00
https://sherdog.com/events/UFC-Fight-Night-109-Gustafsson-vs-Teixeira-58405,2017-07-22T00:00:00+00:00
https://sherdog.com/events/UFC-211-Miocic-vs-Dos-Santos-2-57823,2017-07-07T00:00:00+00:00
https://sherdog.com/events/UFC-Fight-Night-108-Swanson-vs-Lobov-57969,2017-07-16T00:00:00+00:00
https://sherdog.com/events/UFC-on-Fox-24-Johnson-vs-Reis-57971,2017-03-18T00:00:00+00:00
https://sherdog.com/events/UFC-210-Cormier-vs-Johnson-2-57531,2017-06-03T00:00:00+00:00
https://sherdog.com/events/UFC-Fight-Night-107-Manuwa-vs-Anderson-56259,2017-07-29T00:00:00+00:00
https://sherdog.com/events/UFC-Fight-Night-106-Belfort-vs-Gastelum-56257,2017-01-28T00:00:00+00:00
https://sherdog.com/events/UFC-209-Woodley-vs-Thompson-2-56255,2016-12-17T00:00:00+00:00
https://sherdog.com/events/UFC-Fight-Night-105-Lewis-vs-Browne-56251,2017-03-04T00:00:00+00:00
https://sherdog.com/events/UFC-208-Holm-vs-De-Randamie-56249,2017-04-22T00:00:00+00:00
https://sherdog.com/events/UFC-Fight-Night-104-Bermudez-vs-Korean-Zombie-56247,2017-04-15T00:00:00+00:00
https://sherdog.com/events/UFC-on-Fox-23-Shevchenko-vs-Pena-56245,2017-02-11T00:00:00+00:00
https://sherdog.com/events/UFC-Fight-Night-103-Rodriguez-vs-Penn-56239,2017-04-08T00:00:00+00:00
https://sherdog.com/events/UFC-207-Nunes-vs-Rousey-55005,2017-02-04T00:00:00+00:00
https://sherdog.com/events/UFC-on-Fox-22-VanZant-vs-Waterson-55003,2016-12-10T00:00:00+00:00
https://sherdog.com/events/UFC-206-Holloway-vs-Pettis-55001,2017-05-13T00:00:00+00:00
https://sherdog.com/events/UFC-Fight-Night-102-Lewis-vs-Abdurakhimov-54999,2017-07-08T00:00:00+00:00
https://sherdog.com/events/UFC-The-Ultimate-Fighter-24-Finale-54997,2016-07-13T00:00:00+00:00
https://sherdog.com/events/UFC-Fight-Night-101-Whittaker-vs-Brunson-54995,2016-07-08T00:00:00+00:00
https://sherdog.com/events/UFC-Fight-Night-100-Bader-vs-Nogueira-2-54993,2016-07-07T00:00:00+00:00
https://sherdog.com/events/UFC-Fight-Night-99-Mousasi-vs-Hall-2-54983,2016-05-29T00:00:00+00:00
https://sherdog.com/events/UFC-205-Alvarez-vs-McGregor-52249,2016-08-20T00:00:00+00:00
https://sherdog.com/events/UFC-Fight-Night-98-Dos-Anjos-vs-Ferguson-51653,2016-07-09T00:00:00+00:00
https://sherdog.com/events/UFC-204-Bisping-vs-Henderson-2-54381,2016-06-18T00:00:00+00:00
https://sherdog.com/events/UFC-Fight-Night-96-Lineker-vs-Dodson-54089,2016-05-14T00:00:00+00:00
https://sherdog.com/events/UFC-Fight-Night-95-Cyborg-vs-Lansberg-53641,2016-10-08T00:00:00+00:00
https://sherdog.com/events/UFC-Fight-Night-94-Poirier-vs-Johnson-53639,2016-09-03T00:00:00+00:00
https://sherdog.com/events/UFC-203-Miocic-vs-Overeem-52565,2016-09-24T00:00:00+00:00
https://sherdog.com/events/UFC-Fight-Night-93-Arlovski-vs-Barnett-52185,2016-10-01T00:00:00+00:00
https://sherdog.com/events/UFC-on-Fox-21-Maia-vs-Condit-52945,2016-08-27T00:00:00+00:00
https://sherdog.com/events/UFC-202-Diaz-vs-McGregor-2-52567,2016-09-17T00:00:00+00:00
https://sherdog.com/events/UFC-Fight-Night-92-Rodriguez-vs-Caceres-52851,2016-07-23T00:00:00+00:00
https://sherdog.com/events/UFC-201-Lawler-vs-Woodley-52199,2016-08-06T00:00:00+00:00
https://sherdog.com/events/UFC-on-Fox-20-Holm-vs-Shevchenko-51563,2016-09-10T00:00:00+00:00
https://sherdog.com/events/UFC-Fight-Night-91-McDonald-vs-Lineker-51841,2016-07-30T00:00:00+00:00
https://sherdog.com/events/UFC-200-Tate-vs-Nunes-47285,2016-06-04T00:00:00+00:00
https://sherdog.com/events/UFC-The-Ultimate-Fighter-23-Finale-50075,2015-06-20T00:00:00+00:00
https://sherdog.com/events/UFC-Fight-Night-90-Dos-Anjos-vs-Alvarez-50943,2016-05-08T00:00:00+00:00
https://sherdog.com/events/UFC-Fight-Night-89-MacDonald-vs-Thompson-50939,2016-02-21T00:00:00+00:00
https://sherdog.com/events/UFC-199-Rockhold-vs-Bisping-2-50937,2016-04-10T00:00:00+00:00
https://sherdog.com/events/UFC-Fight-Night-88-Almeida-vs-Garbrandt-50941,2016-03-19T00:00:00+00:00
https://sherdog.com/events/UFC-198-Werdum-vs-Miocic-50217,2016-04-16T00:00:00+00:00
https://sherdog.com/events/UFC-Fight-Night-87-Overeem-vs-Arlovski-50621,2016-02-27T00:00:00+00:00
https://sherdog.com/events/UFC-197-Jones-vs-St-Preux-50485,2016-04-23T00:00:00+00:00
https://sherdog.com/events/UFC-on-Fox-19-Teixeira-vs-Evans-50261,2016-01-02T00:00:00+00:00
https://sherdog.com/events/UFC-Fight-Night-86-Rothwell-vs-Dos-Santos-50295,2015-12-11T16:00:00+00:00
https://sherdog.com/events/UFC-Fight-Night-85-Hunt-vs-Mir-47939,2016-01-30T00:00:00+00:00
https://sherdog.com/events/UFC-196-McGregor-vs-Diaz-47931,2015-11-28T02:00:00+00:00
https://sherdog.com/events/UFC-Fight-Night-84-Silva-vs-Bisping-47937,2016-01-17T00:00:00+00:00
https://sherdog.com/events/UFC-Fight-Night-83-Cerrone-vs-Oliveira-47935,2016-02-06T00:00:00+00:00
https://sherdog.com/events/UFC-Fight-Night-82-Hendricks-vs-Thompson-47929,2015-12-19T00:00:00+00:00
https://sherdog.com/events/UFC-on-Fox-18-Johnson-vs-Bader-47933,2015-12-10T14:00:00+00:00
https://sherdog.com/events/UFC-Fight-Night-81-Dillashaw-vs-Cruz-47783,2016-03-05T00:00:00+00:00
https://sherdog.com/events/UFC-195-Lawler-vs-Condit-47465,2016-11-19T00:00:00+00:00
https://sherdog.com/events/UFC-on-Fox-17-Dos-Anjos-vs-Cerrone-2-42249,2015-04-04T00:00:00+00:00
https://sherdog.com/events/UFC-194-Aldo-vs-McGregor-42245,2015-12-12T00:00:00+00:00
https://sherdog.com/events/UFC-The-Ultimate-Fighter-22-Finale-47439,2015-09-26T09:00:00+00:00
https://sherdog.com/events/UFC-Fight-Night-80-Namajunas-vs-VanZant-47669,2017-03-11T00:00:00+00:00
https://sherdog.com/events/UFC-Fight-Night-79-Henderson-vs-Masvidal-42243,2015-08-23T00:00:00+00:00
https://sherdog.com/events/UFC-Fight-Night-78-Magny-vs-Gastelum-42241,2015-11-07T00:00:00+00:00
https://sherdog.com/events/UFC-193-Rousey-vs-Holm-42239,2015-11-21T00:00:00+00:00
https://sherdog.com/events/UFC-Fight-Night-77-Belfort-vs-Henderson-3-42237,2015-07-15T00:00:00+00:00
https://sherdog.com/events/UFC-Fight-Night-76-Holohan-vs-Smolka-47107,2017-01-15T00:00:00+00:00
https://sherdog.com/events/UFC-192-Cormier-vs-Gustafsson-42235,2015-06-27T00:00:00+00:00
https://sherdog.com/events/UFC-Fight-Night-75-Barnett-vs-Nelson-45847,2015-07-18T00:00:00+00:00
https://sherdog.com/events/UFC-191-Johnson-vs-Dodson-2-42229,2016-12-30T00:00:00+00:00
https://sherdog.com/events/UFC-Fight-Night-74-Holloway-vs-Oliveira-42225,2015-08-08T00:00:00+00:00
https://sherdog.com/events/UFC-Fight-Night-73-Teixeira-vs-St-Preux-42223,2015-07-25T00:00:00+00:00
https://sherdog.com/events/UFC-190-Rousey-vs-Correia-42221,2015-10-03T00:00:00+00:00
https://sherdog.com/events/UFC-on-Fox-16-Dillashaw-vs-Barao-2-42219,2015-08-01T00:00:00+00:00
https://sherdog.com/events/UFC-Fight-Night-72-Bisping-vs-Leites-42217,2015-10-24T00:00:00+00:00
https://sherdog.com/events/UFC-Fight-Night-71-Mir-vs-Duffee-42215,2015-07-12T00:00:00+00:00
https://sherdog.com/events/UFC-The-Ultimate-Fighter-21-Finale-42213,2015-11-14T00:00:00+00:00
https://sherdog.com/events/UFC-189-Mendes-vs-McGregor-42211,2016-11-19T00:00:00+00:00
https://sherdog.com/events/UFC-Fight-Night-70-Machida-vs-Romero-42209,2015-03-14T00:00:00+00:00
https://sherdog.com/events/UFC-Fight-Night-69-Jedrzejczyk-vs-Penne-42207,2015-09-05T00:00:00+00:00
https://sherdog.com/events/UFC-188-Velasquez-vs-Werdum-42205,2016-11-12T00:00:00+00:00
https://sherdog.com/events/UFC-Fight-Night-68-Boetsch-vs-Henderson-42203,2015-07-11T00:00:00+00:00
https://sherdog.com/events/UFC-Fight-Night-67-Condit-vs-Alves-42201,2014-10-25T00:00:00+00:00
https://sherdog.com/events/UFC-187-Johnson-vs-Cormier-42199,2014-09-27T00:00:00+00:00
https://sherdog.com/events/UFC-Fight-Night-66-Edgar-vs-Faber-42197,2015-05-30T00:00:00+00:00
https://sherdog.com/events/UFC-Fight-Night-65-Miocic-vs-Hunt-42195,2015-05-10T00:00:00+00:00
https://sherdog.com/events/UFC-186-Johnson-vs-Horiguchi-42193,2015-06-13T00:00:00+00:00
https://sherdog.com/events/UFC-on-Fox-15-Machida-vs-Rockhold-42191,2015-04-11T00:00:00+00:00
https://sherdog.com/events/UFC-Fight-Night-64-Gonzaga-vs-Cro-Cop-2-42189,2015-05-16T00:00:00+00:00
https://sherdog.com/events/UFC-Fight-Night-63-Mendes-vs-Lamas-42187,2015-05-23T00:00:00+00:00
https://sherdog.com/events/UFC-Fight-Night-62-Maia-vs-LaFlare-42185,2015-04-18T00:00:00+00:00
https://sherdog.com/events/UFC-185-Pettis-vs-dos-Anjos-42183,2015-04-25T00:00:00+00:00
https://sherdog.com/events/UFC-184-Rousey-vs-Zingano-41893,2015-06-06T00:00:00+00:00
https://sherdog.com/events/UFC-Fight-Night-61-Bigfoot-vs-Mir-38843,2015-03-21T00:00:00+00:00
https://sherdog.com/events/UFC-Fight-Night-60-Henderson-vs-Thatch-42065,2014-11-07T00:00:00+00:00
https://sherdog.com/events/UFC-183-Silva-vs-Diaz-39291,2014-10-04T10:00:00+00:00
https://sherdog.com/events/UFC-on-Fox-14-Gustafsson-vs-Johnson-42123,2014-11-08T00:00:00+00:00
https://sherdog.com/events/UFC-Fight-Night-59-McGregor-vs-Siver-41773,2014-12-20T00:00:00+00:00
https://sherdog.com/events/UFC-182-Jones-vs-Cormier-38841,2015-02-14T00:00:00+00:00
https://sherdog.com/events/UFC-Fight-Night-58-Machida-vs-Dollaway-40613,2015-02-22T00:00:00+00:00
https://sherdog.com/events/UFC-on-Fox-13-Dos-Santos-vs-Miocic-38839,2014-09-05T00:00:00+00:00
https://sherdog.com/events/UFC-The-Ultimate-Fighter-20-Finale-40679,2014-08-23T16:30:00+00:00
https://sherdog.com/events/UFC-181-Hendricks-vs-Lawler-2-35511,2014-09-13T00:00:00+00:00
https://sherdog.com/events/UFC-Fight-Night-57-Edgar-vs-Swanson-39915,2014-10-04T15:00:00+00:00
https://sherdog.com/events/UFC-180-Werdum-vs-Hunt-37549,2014-08-23T03:30:00+00:00
https://sherdog.com/events/UFC-Fight-Night-56-Shogun-vs-St-Preux-40223,2015-01-24T00:00:00+00:00
https://sherdog.com/events/UFC-Fight-Night-55-Rockhold-vs-Bisping-40339,2014-11-15T00:00:00+00:00
https://sherdog.com/events/UFC-179-Aldo-vs-Mendes-2-37749,2014-07-19T00:00:00+00:00
https://sherdog.com/events/UFC-Fight-Night-54-MacDonald-vs-Saffiedine-35509,2014-08-16T00:00:00+00:00
https://sherdog.com/events/UFC-Fight-Night-53-Nelson-vs-Story-37747,2014-11-22T00:00:00+00:00
https://sherdog.com/events/UFC-178-Johnson-vs-Cariaso-35507,2014-06-28T11:00:00+00:00
https://sherdog.com/events/UFC-Fight-Night-52-Hunt-vs-Nelson-37745,2014-07-06T00:00:00+00:00
https://sherdog.com/events/UFC-Fight-Night-51-Bigfoot-vs-Arlovski-2-37743,2014-12-12T00:00:00+00:00
https://sherdog.com/events/UFC-Fight-Night-50-Jacare-vs-Mousasi-2-38431,2014-09-20T00:00:00+00:00
https://sherdog.com/events/UFC-177-Dillashaw-vs-Soto-38011,2014-12-13T00:00:00+00:00
https://sherdog.com/events/UFC-Fight-Night-49-Henderson-vs-dos-Anjos-37361,2014-07-16T00:00:00+00:00
https://sherdog.com/events/UFC-Fight-Night-48-Bisping-vs-Le-37741,2014-06-28T16:00:00+00:00
https://sherdog.com/events/UFC-Fight-Night-47-Bader-vs-St-Preux-37727,2014-08-30T00:00:00+00:00
https://sherdog.com/events/UFC-on-Fox-12-Lawler-vs-Brown-37719,2015-01-18T00:00:00+00:00
https://sherdog.com/events/UFC-Fight-Night-46-McGregor-vs-Brandao-36425,2015-02-28T00:00:00+00:00
https://sherdog.com/events/UFC-Fight-Night-45-Cerrone-vs-Miller-37359,2014-07-26T00:00:00+00:00
https://sherdog.com/events/UFC-The-Ultimate-Fighter-19-Finale-36737,2014-12-06T00:00:00+00:00
https://sherdog.com/events/UFC-175-Weidman-vs-Machida-36735,2015-01-31T00:00:00+00:00
https://sherdog.com/events/UFC-Fight-Night-44-Swanson-vs-Stephens-36731,2015-01-03T00:00:00+00:00
https://sherdog.com/events/UFC-Fight-Night-43-Te-Huna-vs-Marquardt-37109,2014-05-31T00:00:00+00:00
https://sherdog.com/events/UFC-174-Johnson-vs-Bagautinov-35505,2014-05-31T00:00:00+00:00
https://sherdog.com/events/UFC-Fight-Night-42-Henderson-vs-Khabilov-36711,2014-07-05T00:00:00+00:00
https://sherdog.com/events/UFC-Fight-Night-41-Munoz-vs-Mousasi-36427,2014-06-14T00:00:00+00:00
https://sherdog.com/events/UFC-The-Ultimate-Fighter-Brazil-3-Finale-35955,2014-04-19T00:00:00+00:00
https://sherdog.com/events/UFC-173-Barao-vs-Dillashaw-35617,2014-05-24T00:00:00+00:00
https://sherdog.com/events/UFC-Fight-Night-40-Brown-vs-Silva-36085,2014-04-16T00:00:00+00:00
https://sherdog.com/events/UFC-172-Jones-vs-Teixeira-34401,2014-06-07T00:00:00+00:00
https://sherdog.com/events/UFC-on-Fox-11-Werdum-vs-Browne-35107,2014-04-26T00:00:00+00:00
https://sherdog.com/events/UFC-The-Ultimate-Fighter-Nations-Finale-35503,2014-05-10T00:00:00+00:00
https://sherdog.com/events/UFC-Fight-Night-39-Nogueira-vs-Nelson-35669,2014-01-04T00:00:00+00:00
https://sherdog.com/events/UFC-Fight-Night-38-Shogun-vs-Henderson-2-35299,2013-04-20T00:00:00+00:00
https://sherdog.com/events/UFC-171-Hendricks-vs-Lawler-33949,2013-02-02T00:00:00+00:00
https://sherdog.com/events/UFC-Fight-Night-37-Gustafsson-vs-Manuwa-33383,2013-01-26T00:00:00+00:00
https://sherdog.com/events/UFC-The-Ultimate-Fighter-China-Finale-34819,2014-04-11T00:00:00+00:00
https://sherdog.com/events/UFC-170-Rousey-vs-McMann-33337,2014-03-08T00:00:00+00:00
https://sherdog.com/events/UFC-Fight-Night-36-Machida-vs-Mousasi-33523,2013-12-07T00:00:00+00:00
https://sherdog.com/events/UFC-169-Barao-vs-Faber-2-32773,2014-03-01T00:00:00+00:00
https://sherdog.com/events/UFC-on-Fox-10-Henderson-vs-Thomson-33335,2014-02-15T00:00:00+00:00
https://sherdog.com/events/UFC-Fight-Night-35-Rockhold-vs-Philippou-33929,2013-10-26T00:00:00+00:00
https://sherdog.com/events/UFC-Fight-Night-34-Saffiedine-vs-Lim-32999,2013-10-09T00:00:00+00:00
https://sherdog.com/events/UFC-168-Weidman-vs-Silva-2-31257,2013-11-09T00:00:00+00:00
https://sherdog.com/events/UFC-on-Fox-9-Johnson-vs-Benavidez-2-26217,2013-11-30T00:00:00+00:00
https://sherdog.com/events/UFC-Fight-Night-33-Hunt-vs-Bigfoot-32293,2013-08-28T00:00:00+00:00
https://sherdog.com/events/UFC-The-Ultimate-Fighter-18-Finale-32325,2013-06-08T12:00:00+00:00
https://sherdog.com/events/UFC-167-St-Pierre-vs-Hendricks-30815,2013-06-15T00:00:00+00:00
https://sherdog.com/events/UFC-Fight-Night-32-Belfort-vs-Henderson-32067,2014-03-23T00:00:00+00:00
https://sherdog.com/events/UFC-Fight-Night-31-Fight-for-the-Troops-3-32077,2013-09-04T00:00:00+00:00
https://sherdog.com/events/UFC-Fight-Night-30-Machida-vs-Munoz-31371,2013-08-03T00:00:00+00:00
https://sherdog.com/events/UFC-166-Velasquez-vs-Dos-Santos-3-30813,2013-04-06T00:00:00+00:00
https://sherdog.com/events/UFC-Fight-Night-29-Maia-vs-Shields-31869,2013-11-06T00:00:00+00:00
https://sherdog.com/events/UFC-165-Jones-vs-Gustafsson-30249,2013-04-27T00:00:00+00:00
https://sherdog.com/events/UFC-Fight-Night-28-Teixeira-vs-Bader-30213,2013-03-03T00:00:00+00:00
https://sherdog.com/events/UFC-164-Henderson-vs-Pettis-2-28701,2014-01-25T00:00:00+00:00
https://sherdog.com/events/UFC-Fight-Night-27-Condit-vs-Kampmann-2-30211,2013-03-16T00:00:00+00:00
https://sherdog.com/events/UFC-Fight-Night-26-Shogun-vs-Sonnen-29795,2013-08-31T00:00:00+00:00
https://sherdog.com/events/UFC-163-Aldo-vs-Korean-Zombie-28015,2013-07-06T00:00:00+00:00
https://sherdog.com/events/UFC-on-Fox-8-Johnson-vs-Moraga-26215,2013-12-14T00:00:00+00:00
https://sherdog.com/events/UFC-162-Silva-vs-Weidman-28459,2013-05-18T00:00:00+00:00
https://sherdog.com/events/UFC-161-Evans-vs-Henderson-28457,2014-02-01T00:00:00+00:00
https://sherdog.com/events/UFC-on-Fuel-TV-10-Nogueira-vs-Werdum-26101,2014-01-15T00:00:00+00:00
https://sherdog.com/events/UFC-160-Velasquez-vs-Bigfoot-2-28051,2013-02-23T00:00:00+00:00
https://sherdog.com/events/UFC-on-FX-8-Belfort-vs-Rockhold-28215,2013-02-16T00:00:00+00:00
https://sherdog.com/events/UFC-159-Jones-vs-Sonnen-25825,2013-11-16T00:00:00+00:00
https://sherdog.com/events/UFC-on-Fox-7-Henderson-vs-Melendez-26213,2014-02-22T00:00:00+00:00
https://sherdog.com/events/UFC-The-Ultimate-Fighter-17-Finale-28023,2013-04-13T00:00:00+00:00
https://sherdog.com/events/UFC-on-Fuel-TV-9-Mousasi-vs-Latifi-27589,2013-10-19T00:00:00+00:00
https://sherdog.com/events/UFC-158-St-Pierre-vs-Diaz-27073,2013-07-27T00:00:00+00:00
https://sherdog.com/events/UFC-on-Fuel-TV-8-Silva-vs-Stann-26333,2013-05-25T00:00:00+00:00
https://sherdog.com/events/UFC-157-Rousey-vs-Carmouche-26381,2013-09-21T00:00:00+00:00
https://sherdog.com/events/UFC-on-Fuel-TV-7-Barao-vs-McDonald-26459,2014-03-15T00:00:00+00:00
https://sherdog.com/events/UFC-156-Aldo-vs-Edgar-26099,2013-08-17T00:00:00+00:00
https://sherdog.com/events/UFC-on-Fox-6-Johnson-vs-Dodson-26199,2013-12-28T00:00:00+00:00
https://sherdog.com/events/UFC-on-FX-7-Belfort-vs-Bisping-26135,2012-08-11T00:00:00+00:00
https://sherdog.com/events/UFC-155-Dos-Santos-vs-Velasquez-2-24185,2012-09-29T01:00:00+00:00
https://sherdog.com/events/UFC-The-Ultimate-Fighter-16-Finale-24719,2012-06-01T00:00:00+00:00
https://sherdog.com/events/UFC-on-FX-6-Sotiropoulos-vs-Pearson-24707,2012-07-21T00:00:00+00:00
https://sherdog.com/events/UFC-on-Fox-5-Henderson-vs-Diaz-23169,2012-07-11T00:00:00+00:00
https://sherdog.com/events/UFC-154-St-Pierre-vs-Condit-21047,2012-06-08T00:00:00+00:00
https://sherdog.com/events/UFC-on-Fuel-TV-6-Franklin-vs-Le-23437,2012-03-03T00:00:00+00:00
https://sherdog.com/events/UFC-153-Silva-vs-Bonnar-23527,2012-05-26T00:00:00+00:00
https://sherdog.com/events/UFC-on-FX-5-Browne-vs-Bigfoot-22541,2012-04-14T00:00:00+00:00
https://sherdog.com/events/UFC-on-Fuel-TV-5-Struve-vs-Miocic-22725,2011-12-03T00:00:00+00:00
https://sherdog.com/events/UFC-152-Jones-vs-Belfort-21045,2011-11-05T00:00:00+00:00
https://sherdog.com/events/UFC-150-Henderson-vs-Edgar-2-22013,2012-02-15T00:00:00+00:00
https://sherdog.com/events/UFC-on-Fox-4-Shogun-vs-Vera-20081,2011-11-12T00:00:00+00:00
https://sherdog.com/events/UFC-149-Faber-vs-Barao-20821,2011-10-29T00:00:00+00:00
https://sherdog.com/events/UFC-on-Fuel-TV-4-Munoz-vs-Weidman-21725,2012-01-28T00:00:00+00:00
https://sherdog.com/events/UFC-148-Silva-vs-Sonnen-2-20355,2011-08-27T00:00:00+00:00
https://sherdog.com/events/UFC-147-Silva-vs-Franklin-2-19449,2012-05-05T00:00:00+00:00
https://sherdog.com/events/UFC-on-FX-4-Maynard-vs-Guida-20385,2012-02-26T00:00:00+00:00
https://sherdog.com/events/UFC-on-FX-3-Johnson-vs-McCall-21037,2011-11-19T00:00:00+00:00
https://sherdog.com/events/UFC-The-Ultimate-Fighter-15-Finale-19325,2011-10-08T00:00:00+00:00
https://sherdog.com/events/UFC-146-Dos-Santos-vs-Mir-20353,2011-12-30T00:00:00+00:00
https://sherdog.com/events/UFC-on-Fuel-TV-3-Korean-Zombie-vs-Poirier-20203,2011-12-10T00:00:00+00:00
https://sherdog.com/events/UFC-on-Fox-3-Diaz-vs-Miller-20039,2011-09-17T00:00:00+00:00
https://sherdog.com/events/UFC-145-Jones-vs-Evans-20031,2011-03-19T00:00:00+00:00
https://sherdog.com/events/UFC-on-Fuel-TV-2-Gustafsson-vs-Silva-19857,2011-09-24T00:00:00+00:00
https://sherdog.com/events/UFC-on-FX-2-Alves-vs-Kampmann-19379,2011-08-14T00:00:00+00:00
https://sherdog.com/events/UFC-144-Edgar-vs-Henderson-18347,2011-10-01T00:00:00+00:00
https://sherdog.com/events/UFC-on-Fuel-TV-1-Sanchez-vs-Ellenberger-19187,2010-11-20T00:00:00+00:00
https://sherdog.com/events/UFC-143-Diaz-vs-Condit-18945,2010-11-13T00:00:00+00:00
https://sherdog.com/events/UFC-on-Fox-2-Evans-vs-Davis-19039,2011-08-06T00:00:00+00:00
https://sherdog.com/events/UFC-on-FX-1-Guillard-vs-Miller-19068,2011-06-26T00:00:00+00:00
https://sherdog.com/events/UFC-142-Aldo-vs-Mendes-18901,2011-07-02T00:00:00+00:00
https://sherdog.com/events/UFC-141-Lesnar-vs-Overeem-18346,2011-06-04T00:00:00+00:00
https://sherdog.com/events/UFC-140-Jones-vs-Machida-17274,2011-06-11T00:00:00+00:00
https://sherdog.com/events/UFC-The-Ultimate-Fighter-14-Finale-17424,2011-02-27T00:00:00+00:00
https://sherdog.com/events/UFC-139-Shogun-vs-Henderson-17551,2011-05-28T00:00:00+00:00
https://sherdog.com/events/UFC-on-Fox-1-Velasquez-vs-Dos-Santos-18201,2011-02-05T00:00:00+00:00
https://sherdog.com/events/UFC-138-Leben-vs-Munoz-17824,2011-04-30T00:00:00+00:00
https://sherdog.com/events/UFC-137-Penn-vs-Diaz-17377,2011-03-03T00:00:00+00:00
https://sherdog.com/events/UFC-136-Edgar-vs-Maynard-3-17391,2010-07-03T00:00:00+00:00
https://sherdog.com/events/UFC-Live-6-Cruz-vs-Johnson-17789,2011-01-22T00:00:00+00:00
https://sherdog.com/events/UFC-135-Jones-vs-Rampage-17043,2011-01-01T00:00:00+00:00
https://sherdog.com/events/UFC-Fight-Night-25-Shields-vs-Ellenberger-16712,2010-12-04T00:00:00+00:00
https://sherdog.com/events/UFC-134-Silva-vs-Okami-15454,2010-12-11T00:00:00+00:00
https://sherdog.com/events/UFC-Live-5-Hardy-vs-Lytle-16967,2012-02-04T00:00:00+00:00
https://sherdog.com/events/UFC-133-Evans-vs-Ortiz-2-16787,2011-03-26T00:00:00+00:00
https://sherdog.com/events/UFC-132-Cruz-vs-Faber-2-16495,2010-10-16T00:00:00+00:00
https://sherdog.com/events/UFC-Live-4-Kongo-vs-Barry-16309,2012-05-15T00:00:00+00:00
https://sherdog.com/events/UFC-131-Dos-Santos-vs-Carwin-15720,2010-09-15T00:00:00+00:00
https://sherdog.com/events/UFC-The-Ultimate-Fighter-13-Finale-15811,2010-10-23T00:00:00+00:00
https://sherdog.com/events/UFC-130-Rampage-vs-Hamill-15685,2010-09-25T00:00:00+00:00
https://sherdog.com/events/UFC-129-St-Pierre-vs-Shields-15427,2009-08-29T00:00:00+00:00
https://sherdog.com/events/UFC-Fight-Night-24-Nogueira-vs-Davis-15559,2010-08-01T00:00:00+00:00
https://sherdog.com/events/UFC-128-Shogun-vs-Jones-15483,2010-08-28T00:00:00+00:00
https://sherdog.com/events/UFC-Live-3-Sanchez-vs-Kampmann-15438,2009-08-08T00:00:00+00:00
https://sherdog.com/events/UFC-127-Penn-vs-Fitch-15202,2010-06-19T00:00:00+00:00
https://sherdog.com/events/UFC-126-Silva-vs-Belfort-15104,2010-03-31T00:00:00+00:00
https://sherdog.com/events/UFC-Fight-Night-23-Fight-for-the-Troops-2-15120,2009-06-13T00:00:00+00:00
https://sherdog.com/events/UFC-125-Resolution-14530,2009-07-11T00:00:00+00:00
https://sherdog.com/events/UFC-124-St-Pierre-vs-Koscheck-2-14504,2010-06-12T00:00:00+00:00
https://sherdog.com/events/UFC-The-Ultimate-Fighter-12-Finale-14462,2010-05-29T00:00:00+00:00
https://sherdog.com/events/UFC-123-Rampage-vs-Machida-14529,2009-06-20T00:00:00+00:00
https://sherdog.com/events/UFC-122-Marquardt-vs-Okami-14430,2013-01-19T00:00:00+00:00
https://sherdog.com/events/UFC-121-Lesnar-vs-Velasquez-14039,2009-04-18T00:00:00+00:00
https://sherdog.com/events/UFC-120-Bisping-vs-Akiyama-14025,2010-08-07T00:00:00+00:00
https://sherdog.com/events/UFC-119-Mir-vs-Cro-Cop-13732,2009-05-23T00:00:00+00:00
https://sherdog.com/events/UFC-Fight-Night-22-Marquardt-vs-Palhares-14024,2012-12-15T01:00:00+00:00
https://sherdog.com/events/UFC-118-Edgar-vs-Penn-2-13380,2010-04-10T00:00:00+00:00
https://sherdog.com/events/UFC-117-Silva-vs-Sonnen-13310,2010-05-08T00:00:00+00:00
https://sherdog.com/events/UFC-Live-2-Jones-vs-Matyushenko-13294,2009-04-01T00:00:00+00:00
https://sherdog.com/events/UFC-116-Lesnar-vs-Carwin-12765,2012-11-10T00:00:00+00:00
https://sherdog.com/events/UFC-The-Ultimate-Fighter-11-Finale-12897,2012-01-20T00:00:00+00:00
https://sherdog.com/events/UFC-115-Liddell-vs-Franklin-12447,2012-01-14T00:00:00+00:00
https://sherdog.com/events/UFC-114-Rampage-vs-Evans-12446,2009-02-07T00:00:00+00:00
https://sherdog.com/events/UFC-113-Machida-vs-Shogun-2-12390,2010-02-20T00:00:00+00:00
https://sherdog.com/events/UFC-112-Invincible-12184,2012-06-22T00:00:00+00:00
https://sherdog.com/events/UFC-Fight-Night-21-Florian-vs-Gomi-12474,2012-12-29T00:00:00+00:00
https://sherdog.com/events/UFC-111-St-Pierre-vs-Hardy-12131,2012-10-13T00:00:00+00:00
https://sherdog.com/events/UFC-Live-1-Vera-vs-Jones-12389,2010-02-06T00:00:00+00:00
https://sherdog.com/events/UFC-110-Nogueira-vs-Velasquez-11792,2010-01-11T00:00:00+00:00
https://sherdog.com/events/UFC-109-Relentless-11741,2009-03-07T00:00:00+00:00
https://sherdog.com/events/UFC-Fight-Night-20-Maynard-vs-Diaz-11617,2009-12-05T00:00:00+00:00
https://sherdog.com/events/UFC-108-Evans-vs-Silva-11471,2010-03-27T00:00:00+00:00
https://sherdog.com/events/UFC-107-Penn-vs-Sanchez-11118,2009-01-17T00:00:00+00:00
https://sherdog.com/events/UFC-The-Ultimate-Fighter-10-Finale-11054,2009-11-21T00:00:00+00:00
https://sherdog.com/events/UFC-106-Ortiz-vs-Griffin-2-11053,2012-12-15T15:00:00+00:00
https://sherdog.com/events/UFC-105-Couture-vs-Vera-11052,2012-04-21T00:00:00+00:00
https://sherdog.com/events/UFC-104-Machida-vs-Shogun-10333,2009-11-14T00:00:00+00:00
https://sherdog.com/events/UFC-103-Franklin-vs-Belfort-10444,2012-07-07T00:00:00+00:00
https://sherdog.com/events/UFC-Fight-Night-19-Diaz-vs-Guillard-10443,2012-06-23T00:00:00+00:00
https://sherdog.com/events/UFC-102-Couture-vs-Nogueira-10147,2010-03-21T00:00:00+00:00
https://sherdog.com/events/UFC-101-Declaration-9925,2012-10-05T00:00:00+00:00
https://sherdog.com/events/UFC-100-Lesnar-vs-Mir-2-9568,2012-08-04T00:00:00+00:00
https://sherdog.com/events/UFC-The-Ultimate-Fighter-9-Finale-9751,2012-12-08T00:00:00+00:00
https://sherdog.com/events/UFC-99-The-Comeback-9297,2010-01-02T00:00:00+00:00
https://sherdog.com/events/UFC-98-Evans-vs-Machida-9529,2008-12-27T00:00:00+00:00
https://sherdog.com/events/UFC-97-Redemption-9432,2012-11-17T00:00:00+00:00
https://sherdog.com/events/UFC-Fight-Night-18-Condit-vs-Kampmann-9448,2009-02-21T00:00:00+00:00
https://sherdog.com/events/UFC-96-Jackson-vs-Jardine-9427,2009-09-19T00:00:00+00:00
https://sherdog.com/events/UFC-95-Sanchez-vs-Stevenson-9250,2012-09-22T00:00:00+00:00
https://sherdog.com/events/UFC-Fight-Night-17-Lauzon-vs-Stephens-9307,2009-12-12T00:00:00+00:00
https://sherdog.com/events/UFC-94-St-Pierre-vs-Penn-2-8465,2009-01-31T00:00:00+00:00
https://sherdog.com/events/UFC-93-Franklin-vs-Henderson-8864,2009-09-16T00:00:00+00:00
https://sherdog.com/events/UFC-92-The-Ultimate-2008-8732,2008-12-10T00:00:00+00:00
https://sherdog.com/events/UFC-The-Ultimate-Fighter-8-Finale-8765,2009-10-24T00:00:00+00:00
https://sherdog.com/events/UFC-Fight-Night-16-Fight-for-the-Troops-1-8724,2008-11-15T00:00:00+00:00
https://sherdog.com/events/UFC-91-Couture-vs-Lesnar-8406,2008-12-13T00:00:00+00:00
https://sherdog.com/events/UFC-90-Silva-vs-Cote-8188,2007-09-08T00:00:00+00:00
https://sherdog.com/events/UFC-89-Bisping-vs-Leben-8070,2007-12-08T00:00:00+00:00
https://sherdog.com/events/UFC-Fight-Night-15-Diaz-vs-Neer-7916,2008-10-25T00:00:00+00:00
https://sherdog.com/events/UFC-88-Breakthrough-7837,2008-03-01T00:00:00+00:00
https://sherdog.com/events/UFC-87-Seek-and-Destroy-6779,2007-06-16T00:00:00+00:00
https://sherdog.com/events/UFC-Fight-Night-14-Silva-vs-Irvin-7835,2008-07-19T00:00:00+00:00
https://sherdog.com/events/UFC-86-Jackson-vs-Griffin-7021,2007-10-20T00:00:00+00:00
https://sherdog.com/events/UFC-The-Ultimate-Fighter-7-Finale-6954,2008-10-18T00:00:00+00:00
https://sherdog.com/events/UFC-85-Bedlam-6778,2008-01-23T00:00:00+00:00
https://sherdog.com/events/UFC-84-Ill-Will-6394,2007-12-29T00:00:00+00:00
https://sherdog.com/events/UFC-83-Serra-vs-St-Pierre-2-6339,2008-04-02T00:00:00+00:00
https://sherdog.com/events/UFC-Fight-Night-13-Florian-vs-Lauzon-6552,2007-06-23T00:00:00+00:00
https://sherdog.com/events/UFC-82-Pride-of-a-Champion-6039,2007-11-17T00:00:00+00:00
https://sherdog.com/events/UFC-81-Breaking-Point-6038,2007-07-07T00:00:00+00:00
https://sherdog.com/events/UFC-Fight-Night-12-Swick-vs-Burkman-6179,2007-08-25T00:00:00+00:00
https://sherdog.com/events/UFC-80-Rapid-Fire-5982,2008-06-21T00:00:00+00:00
https://sherdog.com/events/UFC-79-Nemesis-5458,2008-09-06T00:00:00+00:00
https://sherdog.com/events/UFC-The-Ultimate-Fighter-6-Finale-5459,2007-05-26T00:00:00+00:00
https://sherdog.com/events/UFC-78-Validation-5708,2008-09-17T00:00:00+00:00
https://sherdog.com/events/UFC-77-Hostile-Territory-5482,2008-08-09T00:00:00+00:00
https://sherdog.com/events/UFC-76-Knockout-5417,2006-11-18T00:00:00+00:00
https://sherdog.com/events/UFC-Fight-Night-11-Thomas-vs-Florian-5454,2006-11-11T00:00:00+00:00
https://sherdog.com/events/UFC-75-Champion-vs-Champion-5298,2008-07-05T00:00:00+00:00
https://sherdog.com/events/UFC-74-Respect-5297,2006-10-10T00:00:00+00:00
https://sherdog.com/events/UFC-73-Stacked-5158,2007-09-22T00:00:00+00:00
https://sherdog.com/events/UFC-The-Ultimate-Fighter-5-Finale-4681,2006-06-24T00:00:00+00:00
https://sherdog.com/events/UFC-72-Victory-5084,2006-08-26T00:00:00+00:00
https://sherdog.com/events/UFC-Fight-Night-10-Stout-vs-Fisher-2-5227,2006-02-04T00:00:00+00:00
https://sherdog.com/events/UFC-71-Liddell-vs-Jackson-4993,2005-04-16T00:00:00+00:00
https://sherdog.com/events/UFC-70-Nations-Collide-4862,2005-06-04T00:00:00+00:00
https://sherdog.com/events/UFC-69-Shootout-4663,2004-08-21T00:00:00+00:00
https://sherdog.com/events/UFC-Fight-Night-9-Stevenson-vs-Guillard-4682,2004-10-22T00:00:00+00:00
https://sherdog.com/events/UFC-68-Uprising-4662,2005-04-09T00:00:00+00:00
https://sherdog.com/events/UFC-67-All-or-Nothing-4311,2006-04-15T00:00:00+00:00
https://sherdog.com/events/UFC-Fight-Night-8-Evans-vs-Salmon-4664,2005-11-19T00:00:00+00:00
https://sherdog.com/events/UFC-66-Liddell-vs-Ortiz-2-4312,2005-02-05T00:00:00+00:00
https://sherdog.com/events/UFC-Fight-Night-7-Sanchez-vs-Riggs-4626,2005-08-06T00:00:00+00:00
https://sherdog.com/events/UFC-65-Bad-Intentions-4313,2004-06-19T00:00:00+00:00
https://sherdog.com/events/UFC-The-Ultimate-Fighter-4-Finale-4314,2007-06-12T00:00:00+00:00
https://sherdog.com/events/UFC-64-Unstoppable-4181,2006-06-28T00:00:00+00:00
https://sherdog.com/events/UFC-Fight-Night-65-Ortiz-vs-Shamrock-3-4112,2008-02-02T00:00:00+00:00
https://sherdog.com/events/UFC-63-Hughes-vs-Penn-2-4094,2008-06-07T00:00:00+00:00
https://sherdog.com/events/UFC-62-Liddell-vs-Sobral-4027,2007-09-19T00:00:00+00:00
https://sherdog.com/events/UFC-Fight-Night-6-Sanchez-vs-Parisyan-4026,2008-01-19T00:00:00+00:00
https://sherdog.com/events/UFC-61-Bitter-Rivals-3910,2005-10-03T00:00:00+00:00
https://sherdog.com/events/UFC-Fight-Night-5-Leben-vs-Silva-3815,2008-05-24T00:00:00+00:00
https://sherdog.com/events/UFC-The-Ultimate-Fighter-3-Finale-3952,2004-01-31T00:00:00+00:00
https://sherdog.com/events/UFC-60-Hughes-vs-Gracie-3666,2003-04-25T00:00:00+00:00
https://sherdog.com/events/UFC-59-Reality-Check-3577,2003-11-21T00:00:00+00:00
https://sherdog.com/events/UFC-Fight-Night-4-Bonnar-vs-Jardine-3665,2006-01-16T00:00:00+00:00
https://sherdog.com/events/UFC-58-USA-vs-Canada-3512,2003-09-26T00:00:00+00:00
https://sherdog.com/events/UFC-57-Liddell-vs-Couture-3-3508,2002-06-22T00:00:00+00:00
https://sherdog.com/events/UFC-Fight-Night-3-Sylvia-vs-Silva-3486,2002-03-22T00:00:00+00:00
https://sherdog.com/events/UFC-56-Full-Force-3328,2003-02-28T00:00:00+00:00
https://sherdog.com/events/UFC-The-Ultimate-Fighter-2-Finale-3375,2002-01-11T00:00:00+00:00
https://sherdog.com/events/UFC-55-Fury-3250,2006-12-13T00:00:00+00:00
https://sherdog.com/events/UFC-Fight-Night-2-Loiseau-vs-Tanner-3255,2001-05-04T00:00:00+00:00
https://sherdog.com/events/UFC-54-Boiling-Point-3093,2007-04-21T00:00:00+00:00
https://sherdog.com/events/UFC-Fight-Night-1-Marquardt-vs-Salaverry-3100,2006-12-30T00:00:00+00:00
https://sherdog.com/events/UFC-53-Heavy-Hitters-3054,2001-09-28T00:00:00+00:00
https://sherdog.com/events/UFC-52-Couture-vs-Liddell-2-2930,2007-04-07T00:00:00+00:00
https://sherdog.com/events/UFC-The-Ultimate-Fighter-1-Finale-2971,2008-04-19T00:00:00+00:00
https://sherdog.com/events/UFC-51-Super-Saturday-2690,2001-11-02T00:00:00+00:00
https://sherdog.com/events/UFC-50-The-War-of-04-2512,2006-08-17T00:00:00+00:00
https://sherdog.com/events/UFC-49-Unfinished-Business-2400,2006-10-14T00:00:00+00:00
https://sherdog.com/events/UFC-48-Payback-2203,2005-10-07T00:00:00+00:00
https://sherdog.com/events/UFC-47-Its-On-2121,2002-09-27T00:00:00+00:00
https://sherdog.com/events/UFC-46-Supernatural-1943,2005-11-05T00:00:00+00:00
https://sherdog.com/events/UFC-45-Revolution-1863,2004-04-02T00:00:00+00:00
https://sherdog.com/events/UFC-44-Undisputed-1688,2006-04-06T00:00:00+00:00
https://sherdog.com/events/UFC-43-Meltdown-1614,2006-07-08T00:00:00+00:00
https://sherdog.com/events/UFC-42-Sudden-Impact-1469,2005-08-20T00:00:00+00:00
https://sherdog.com/events/UFC-41-Onslaught-1424,2002-05-10T00:00:00+00:00
https://sherdog.com/events/UFC-40-Vendetta-1220,2003-06-06T00:00:00+00:00
https://sherdog.com/events/UFC-39-The-Warriors-Return-1085,2006-09-23T00:00:00+00:00
https://sherdog.com/events/UFC-38-Brawl-at-the-Hall-923,2002-11-22T00:00:00+00:00
https://sherdog.com/events/UFC-375-As-Real-As-It-Gets-901,2006-05-27T00:00:00+00:00
https://sherdog.com/events/UFC-37-High-Impact-850,2006-03-04T00:00:00+00:00
https://sherdog.com/events/UFC-36-Worlds-Collide-771,2002-07-13T00:00:00+00:00
https://sherdog.com/events/UFC-35-Throwdown-668,2001-06-29T00:00:00+00:00
https://sherdog.com/events/UFC-34-High-Voltage-540,2007-01-25T00:00:00+00:00
https://sherdog.com/events/UFC-33-Victory-in-Vegas-430,2000-12-16T00:00:00+00:00
https://sherdog.com/events/UFC-32-Showdown-in-the-Meadowlands-429,2007-02-03T00:00:00+00:00
https://sherdog.com/events/UFC-31-Locked-Loaded-282,2000-11-17T00:00:00+00:00
https://sherdog.com/events/UFC-30-Battle-on-the-Boardwalk-40,2000-06-09T00:00:00+00:00
https://sherdog.com/events/UFC-29-Defense-of-the-Belts-39,2001-02-23T00:00:00+00:00
https://sherdog.com/events/UFC-28-High-Stakes-38,2000-09-22T00:00:00+00:00
https://sherdog.com/events/UFC-27-Ultimate-Bad-Boyz-37,2000-04-14T00:00:00+00:00
https://sherdog.com/events/UFC-26-Ultimate-Field-of-Dreams-36,2000-03-10T00:00:00+00:00
https://sherdog.com/events/UFC-25-Ultimate-Japan-3-35,1999-11-19T00:00:00+00:00
https://sherdog.com/events/UFC-24-First-Defense-34,1999-07-16T00:00:00+00:00
https://sherdog.com/events/UFC-23-Ultimate-Japan-2-33,1999-03-05T00:00:00+00:00
https://sherdog.com/events/UFC-22-There-Can-Be-Only-One-Champion-32,1999-01-08T00:00:00+00:00
https://sherdog.com/events/UFC-21-Return-of-the-Champions-31,1997-12-21T00:00:00+00:00
https://sherdog.com/events/UFC-20-Battle-for-the-Gold-30,1998-03-13T00:00:00+00:00
https://sherdog.com/events/UFC-19-Ultimate-Young-Guns-29,1998-10-16T00:00:00+00:00
https://sherdog.com/events/UFC-18-Road-to-the-Heavyweight-Title-28,1999-09-24T00:00:00+00:00
https://sherdog.com/events/UFC-175-Ultimate-Brazil-27,1999-05-07T00:00:00+00:00
https://sherdog.com/events/UFC-17-Redemption-26,1995-12-16T00:00:00+00:00
https://sherdog.com/events/UFC-16-Battle-in-the-Bayou-25,1998-05-15T00:00:00+00:00
https://sherdog.com/events/UFC-155-Ultimate-Japan-1-24,1997-05-30T00:00:00+00:00
https://sherdog.com/events/UFC-15-Collision-Course-23,1996-09-20T00:00:00+00:00
https://sherdog.com/events/UFC-14-Showdown-22,1997-10-17T00:00:00+00:00
https://sherdog.com/events/UFC-13-The-Ultimate-Force-21,1996-12-07T00:00:00+00:00
https://sherdog.com/events/UFC-12-Judgement-Day-20,1997-02-07T00:00:00+00:00
https://sherdog.com/events/UFC-Ultimate-Ultimate-1996-19,1996-07-12T00:00:00+00:00
https://sherdog.com/events/UFC-11-The-Proving-Ground-18,1995-04-07T00:00:00+00:00
https://sherdog.com/events/UFC-10-The-Tournament-17,2007-04-05T00:00:00+00:00
https://sherdog.com/events/UFC-9-Motor-City-Madness-16,2007-03-03T00:00:00+00:00
https://sherdog.com/events/UFC-8-David-vs-Goliath-15,1997-07-27T00:00:00+00:00
https://sherdog.com/events/UFC-Ultimate-Ultimate-1995-14,1994-09-09T00:00:00+00:00
https://sherdog.com/events/UFC-7-The-Brawl-in-Buffalo-13,1995-07-14T00:00:00+00:00
https://sherdog.com/events/UFC-6-Clash-of-the-Titans-12,1996-02-16T00:00:00+00:00
https://sherdog.com/events/UFC-5-The-Return-of-the-Beast-11,1996-05-17T00:00:00+00:00
https://sherdog.com/events/UFC-4-Revenge-of-the-Warriors-10,1995-09-08T00:00:00+00:00
https://sherdog.com/events/UFC-3-The-American-Dream-9,1994-12-16T00:00:00+00:00
https://sherdog.com/events/UFC-2-No-Way-Out-8,1994-03-11T00:00:00+00:00
https://sherdog.com/events/UFC-1-The-Beginning-7,1993-11-12T00:00:00+00:00
